,Y
0.0,2.0
0.10004001600640255,2.0322050383238026
0.2000800320128051,2.064794802402443
0.30012004801920766,2.0977695592504717
0.4001600640256102,2.1311294921578674
0.5002000800320128,2.1648746219371193
0.6002400960384153,2.1990047979353085
0.7002801120448179,2.2335196980341068
0.8003201280512204,2.2684188286497773
0.900360144057623,2.303701524733175
1.0004001600640255,2.3393669497697465
1.100440176070428,2.3754140957795293
1.2004801920768307,2.4118417833171533
1.3005202080832332,2.448648661471839
1.4005602240896358,2.485833207867399
1.5006002400960383,2.5233937286622368
1.6006402561024409,2.561328485295438
1.7006802721088434,2.599643594990841
1.800720288115246,2.638340368616688
1.9007603041216485,2.67741456115404
2.000800320128051,2.7168618157271003
2.1008403361344534,2.7566776636032175
2.200880352140856,2.796857524192885
2.300920368147259,2.83739670504974
2.4009603841536613,2.878290401870564
2.5010004001600636,2.919533698495284
2.6010404161664664,2.9611215669069706
2.701080432172869,3.003048867231839
2.8011204481792715,3.0453103477392487
2.901160464185674,3.0879006448417035
3.0012004801920766,3.1308142830948524
3.1012404961984794,3.1740456751974886
3.2012805122048817,3.217589121991549
3.301320528211284,3.2614388124621154
3.401360544217687,3.305588823737415
3.5014005602240896,3.3500331210888175
3.601440576230492,3.3947655579308385
3.7014805922368943,3.4397798758211375
3.801520608243297,3.4850697044605186
3.9015606242497,3.530628561692931
4.001600640256102,3.5764498535054665
4.1016406562625045,3.6225268740283623
4.201680672268907,3.668852805535002
4.30172068827531,3.7154207184419104
4.401760704281712,3.762223571308759
4.501800720288115,3.8092542108383616
4.601840736294518,3.8565053718766795
4.70188075230092,3.903969677412816
4.801920768307323,3.951639638579019
4.901960784313725,3.999507654650682
5.002000800320127,4.0475660130463424
5.1020408163265305,4.095806889327683
5.202080832332933,4.144222347199527
5.302120848339335,4.192804338509848
5.402160864345738,4.241544703249761
5.502200880352141,4.290435169553524
5.602240896358543,4.339467353698541
5.702280912364945,4.388632760105361
5.802320928371348,4.437922781337678
5.902360944377751,4.487328698102328
6.002400960384153,4.536841679249293
6.102440976390556,4.586452781771699
6.202480992396959,4.636152950805817
6.302521008403361,4.6859330196310625
6.4025610244097635,4.735783709669994
6.502601040416166,4.785695630488316
6.602641056422568,4.835659279794878
6.702681072428971,4.885665043441671
6.802721088435374,4.935703195423834
6.902761104441776,4.985763897879646
7.002801120448179,5.035837201090536
7.102841136454582,5.0859130434810735
7.202881152460984,5.135981251618974
7.302921168467386,5.186031540215096
7.402961184473789,5.236053512123443
7.503001200480192,5.286036658341167
7.603041216486594,5.335970358008557
7.7030812324929965,5.385843878409052
7.8031212484994,5.435646374969233
7.903161264505802,5.485366891258826
8.003201280512204,5.534994358990701
8.103241296518608,5.584517598020875
8.203281312525009,5.633925316348506
8.303321328531412,5.6832061101159
8.403361344537814,5.732348463608502
8.503401360544217,5.781340749254907
8.60344137655062,5.830171227626852
8.703481392557022,5.878828047439217
8.803521408563425,5.9272992455500315
8.903561424569828,5.975572746960463
9.00360144057623,6.023636364814827
9.103641456582633,6.071477800400585
9.203681472589036,6.119091604711028
9.303721488595437,6.166479195151363
9.40376150460184,6.213634083179196
9.503801520608242,6.260549829084779
9.603841536614645,6.307220132660317
9.703881552621048,6.353638833199964
9.80392156862745,6.399799909499825
9.903961584633853,6.445697479857953
10.004001600640255,6.491325802074356
10.104041616646658,6.536679273450987
10.204081632653061,6.581752430791751
10.304121648659462,6.626539950402504
10.404161664665866,6.671036648091052
10.504201680672269,6.7152374791671505
10.60424169667867,6.759137538442504
10.704281712685074,6.802732060230771
10.804321728691477,6.846016418347557
10.904361744697878,6.888986126110418
11.004401760704281,6.931636836338861
11.104441776710683,6.973964341354343
11.204481792717086,7.015964572980271
11.30452180872349,7.057633602542001
11.40456182472989,7.098967640866842
11.504601840736294,7.139963038284051
11.604641856742695,7.180616284624836
11.704681872749099,7.2209240092223554
11.804721888755502,7.260882980911717
11.904761904761903,7.300490108029978
12.004801920768307,7.339742438416147
12.10484193677471,7.378637159411184
12.204881952781111,7.4171715978579975
12.304921968787514,7.455343220101446
12.404961984793918,7.493149631988339
12.505002000800319,7.530588578867436
12.605042016806722,7.5676579455894455
12.705082032813124,7.604355756507028
12.805122048819527,7.640680175474794
12.90516206482593,7.676629505849304
13.005202080832332,7.712202190489066
13.105242096838735,7.747396811754543
13.205282112845136,7.782212091508143
13.30532212885154,7.81664689111423
13.405362144857943,7.850700211439113
13.505402160864344,7.884371192851052
13.605442176870747,7.9176591152202604
13.70548219287715,7.9505633979189
13.805522208883552,7.983083599821082
13.905562224889955,8.015219419302868
14.005602240896359,8.046970694242269
14.10564225690276,8.07833740201925
14.205682272909163,8.10931965951572
14.305722288915565,8.139917723115545
14.405762304921968,8.170131988704535
14.505802320928371,8.199962991670455
14.605842336934773,8.229411406903015
14.705882352941176,8.258478048793885
14.805922368947577,8.287163871236672
14.90596238495398,8.31546996762694
15.006002400960384,8.343397570862207
15.106042416966785,8.370948053341936
15.206082432973188,8.398122926967538
15.306122448979592,8.42492384314238
15.406162464985993,8.451352592771777
15.506202480992396,8.477411106262991
15.6062424969988,8.503101453525241
15.7062825130052,8.52842584396969
15.806322529011604,8.553386626509452
15.906362545018006,8.577986289559593
16.00640256102441,8.602227461037131
16.106442577030812,8.626112908361032
16.206482593037215,8.649645538452209
16.306522609043615,8.672828397733529
16.406562625050018,8.695664672129809
16.50660264105642,8.718157687067816
16.606642657062824,8.740310907476266
16.706682673069228,8.762127937785827
16.806722689075627,8.783612521929115
16.90676270508203,8.804768543340698
17.006802721088434,8.825600024957094
17.106842737094837,8.84611112921677
17.20688275310124,8.86630615806014
17.306922769107643,8.88618955292958
17.406962785114043,8.905765894769402
17.507002801120446,8.925039904025876
17.60704281712685,8.944016440647221
17.707082833133253,8.962700504083607
17.807122849139656,8.981097233287151
17.907162865146056,8.999211906711922
18.00720288115246,9.017049942313943
18.107242897158862,9.034616897551176
18.207282913165265,9.051918469359244
18.30732292917167,9.068951696973995
18.407362945178072,9.085711913386902
18.50740296118447,9.102202270077727
18.607442977190875,9.118425911039537
18.707482993197278,9.1343859727787
18.80752300920368,9.150085584314875
18.907563025210084,9.165527867181027
19.007603041216484,9.180715935423416
19.107643057222887,9.195652895601606
19.20768307322929,9.210341846788456
19.307723089235694,9.224785880570124
19.407763105242097,9.23898808104607
19.507803121248497,9.25295152482905
19.6078431372549,9.266679281045123
19.707883153261303,9.280174411333642
19.807923169267706,9.293439969847263
19.90796318527411,9.306479003251939
20.00800320128051,9.319294550726925
20.108043217286912,9.33188964396477
20.208083233293316,9.344267307171329
20.30812324929972,9.35643055706575
20.408163265306122,9.368382402880481
20.508203281312525,9.380125846361274
20.608243297318925,9.391663881767174
20.708283313325328,9.40299949587053
20.80832332933173,9.414135667956986
20.908363345338135,9.425075369825487
21.008403361344538,9.43582156578828
21.108443377350937,9.446377212670903
21.20848339335734,9.456745259812202
21.308523409363744,9.466928649064318
21.408563425370147,9.47693031479269
21.50860344137655,9.48675318387606
21.608643457382954,9.496400175706464
21.708683473389353,9.505874202189242
21.808723489395756,9.51517816774303
21.90876350540216,9.524314969299764
22.008803521408563,9.53328749630468
22.108843537414966,9.54209863071631
22.208883553421366,9.55075124700649
22.30892356942777,9.559248212160352
22.408963585434172,9.567592385676326
22.509003601440575,9.575786619566145
22.60904361744698,9.583833758354835
22.70908363345338,9.591736639080729
22.80912364945978,9.599498091295454
22.909163665466185,9.607120665330813
23.009203681472588,9.614606168630452
23.10924369747899,9.621956590275923
23.20928371348539,9.629173919337982
23.309323729491794,9.63626013159661
23.409363745498197,9.64321718954101
23.5094037615046,9.650047042369607
23.609443777511004,9.656751625990044
23.709483793517407,9.663332863019189
23.809523809523807,9.669792662783129
23.90956382553021,9.676132921317175
24.009603841536613,9.682355521365855
24.109643857543016,9.688462332382926
24.20968387354942,9.694455210531357
24.30972388955582,9.700335998683347
24.409763905562222,9.70610652642031
24.509803921568626,9.711768610032887
24.60984393757503,9.717324052520935
24.709883953581432,9.722774643593537
24.809923969587835,9.728122159668994
24.909963985594235,9.733368363874831
25.010004001600638,9.738515006047793
25.11004401760704,9.743563822733845
25.210084033613445,9.74851653718818
25.310124049619848,9.753374859375205
25.410164065626248,9.758140485968548
25.51020408163265,9.762815100351068
25.610244097639054,9.767400372614834
25.710284113645457,9.771897959561143
25.81032412965186,9.776309504700512
25.91036414565826,9.78063663825268
26.010404161664663,9.784880977146608
26.110444177671067,9.789044125020474
26.21048419367747,9.793127672221683
26.310524209683873,9.79713319580686
26.410564225690273,9.801062259541848
26.510604241696676,9.804916413901715
26.61064425770308,9.808697196070751
26.710684273709482,9.812406129942465
26.810724289715886,9.816044726119587
26.91076430572229,9.819614481914073
27.01080432172869,9.823116881347094
27.11084433773509,9.826553395149046
27.210884353741495,9.82992548075955
27.310924369747898,9.833234582327442
27.4109643857543,9.836482130710781
27.5110044017607,9.839671843079724
27.611044417767104,9.84281469919252
27.711084433773507,9.845911849058268
27.81112444977991,9.848963197710841
27.911164465786314,9.851968667149736
28.011204481792717,9.854928196340087
28.111244497799117,9.85784174121266
28.21128451380552,9.860709274663852
28.311324529811923,9.8635307865557
28.411364545818326,9.866306283715863
28.51140456182473,9.869035789937644
28.61144457783113,9.871719345979972
28.711484593837532,9.874357009567413
28.811524609843936,9.876948855390165
28.91156462585034,9.879494975104055
29.011604641856742,9.881995477330548
29.111644657863142,9.884450487656743
29.211684673869545,9.886860148635368
29.31172468987595,9.889224619784786
29.41176470588235,9.891544077588991
29.511804721888755,9.893818715497614
29.611844737895154,9.896048743925919
29.711884753901558,9.898234390254796
29.81192476990796,9.900375898830776
29.911964785914364,9.902473530966018
30.012004801920767,9.90452756493832
30.11204481792717,9.906538295991107
30.21208483393357,9.908506036333439
30.312124849939973,9.910431115140009
30.412164865946377,9.912313878551144
30.51220488195278,9.914154689672804
30.612244897959183,9.915953928576581
30.712284913965583,9.9177119922997
30.812324929971986,9.919429294845022
30.91236494597839,9.921106267181036
31.012404961984792,9.922743357241869
31.112444977991196,9.924341029927277
31.2124849939976,9.925899767102651
31.312525010004,9.927420067599018
31.4125650260104,9.92890244721303
31.512605042016805,9.930347438706981
31.612645058023208,9.931755591808793
31.71268507402961,9.933127473212021
31.81272509003601,9.934463666575855
31.912765106042414,9.93576477252512
32.01280512204882,9.937031408650267
32.11284513805522,9.938264209507388
32.212885154061624,9.939463826618201
32.31292517006803,9.940630928470064
32.41296518607443,9.941766200515962
32.513005202080834,9.94287034517452
32.61304521808723,9.943944081829985
32.71308523409363,9.944988146832248
32.813125250100036,9.94600329349683
32.91316526610644,9.94699029210488
33.01320528211284,9.947949929903189
33.113245298119246,9.948883011104172
33.21328531412565,9.949790356885881
33.31332533013205,9.950672805392005
33.413365346138455,9.951531211731858
33.51340536214486,9.952366447980394
33.613445378151255,9.953179403178195
33.71348539415766,9.95397098333148
33.81352541016406,9.9547421114121
33.913565426170464,9.955493727357538
34.01360544217687,9.95622678807091
34.11364545818327,9.956942267420967
34.213685474189674,9.95764115624209
34.31372549019608,9.958324462334295
34.41376550620248,9.958993210463232
34.513805522208884,9.959648442360182
34.61384553821529,9.96029121672206
34.71388555422168,9.960922609211416
34.813925570228086,9.961543712456427
34.91396558623449,9.96215563605091
35.01400560224089,9.962759506554312
35.114045618247296,9.963356467491714
35.2140856342537,9.963947679353826
35.3141256502601,9.964534319596998
35.414165666266506,9.965117582643208
35.51420568227291,9.965698679880067
35.61424569827931,9.966278839660824
35.714285714285715,9.966859307304354
35.81432573029211,9.967441345095171
35.914365746298515,9.96802623228342
36.01440576230492,9.968615265084876
36.11444577831132,9.969209756680954
36.214485794317724,9.969810872905574
36.31452581032413,9.970409990185436
36.41456582633053,9.971001545567228
36.514605842336934,9.971585440250848
36.61464585834334,9.972161580288537
36.71468587434974,9.972729876584864
36.814725890356144,9.973290244896745
36.91476590636254,9.973842605833426
37.01480592236894,9.97438688485649
37.114845938375346,9.974923012279858
37.21488595438175,9.975450923269788
37.31492597038815,9.975970557844875
37.414965986394556,9.97648186087605
37.51500600240096,9.976984782086578
37.61504601840736,9.977479276052067
37.715086034413766,9.977965302200458
37.81512605042017,9.978442824812026
37.915166066426565,9.978911813019387
38.01520608243297,9.979372240807491
38.11524609843937,9.979824087013629
38.215286114445775,9.980267335327422
38.31532613045218,9.980701974290833
38.41536614645858,9.981127997298161
38.515406162464984,9.981545402596039
38.61544617847139,9.981954193283439
38.71548619447779,9.982354377311669
38.815526210484194,9.982745967484375
38.9155662264906,9.983128981457535
39.01560624249699,9.98350344173947
39.115646258503396,9.983869375690835
39.2156862745098,9.984226815524622
39.3157262905162,9.984575798306158
39.415766306522606,9.984916365953108
39.51580632252901,9.985248565235473
39.61584633853541,9.985572447775592
39.715886354541816,9.985888070048142
39.81592637054822,9.986195493380132
39.91596638655462,9.986494783950912
40.01600640256102,9.986786012792168
40.11604641856742,9.987069255787919
40.216086434573825,9.987344593674525
40.31612645058023,9.987612112040683
40.41616646658663,9.987871901327422
40.516206482593034,9.988124056828113
40.61624649859944,9.988368678688461
40.71628651460584,9.988605871906506
40.816326530612244,9.98883574633263
40.91636654661865,9.989058416669545
41.01640656262505,9.989274002472307
41.11644657863145,9.989482628148302
41.21648659463785,9.989684422957255
41.31652661064425,9.98987952101123
41.416566626650656,9.990068061274627
41.51660664265706,9.99025018756418
41.61664665866346,9.990426048548962
41.716686674669866,9.99059579775038
41.81672669067627,9.990759593542183
41.91676670668267,9.99091759915045
42.016806722689076,9.991069982653604
42.11684673869548,9.991216916982397
42.216886754701875,9.991358579919925
42.31692677070828,9.991495154101614
42.41696678671468,9.991626827015233
42.517006802721085,9.991753791000882
42.61704681872749,9.991876243251003
42.71708683473389,9.99199438581037
42.817126850740294,9.992108425576095
42.9171668667467,9.992218574297631
43.0172068827531,9.99232504857676
43.117246898759504,9.992428069867607
43.21728691476591,9.992527864476633
43.3173269307723,9.992624663562632
43.41736694677871,9.992718703136736
43.51740696278511,9.992810224062417
43.61744697879151,9.99289947205548
43.717486994797916,9.992986697684069
43.81752701080432,9.993072156368662
43.91756702681072,9.993156108382077
44.017607042817126,9.993238818849468
44.11764705882353,9.993320557748321
44.21768707482993,9.993401599908466
44.31772709083633,9.993482225012068
44.41776710684273,9.99356271759362
44.517807122849135,9.993643367039965
44.61784713885554,9.993724467590274
44.71788715486194,9.993806318336057
44.817927170868344,9.993889223221162
44.91796718687475,9.99397349104177
45.01800720288115,9.994059435446403
45.118047218887554,9.994147374935915
45.21808723489396,9.994237632863504
45.31812725090036,9.994330537434697
45.41816726690676,9.994426421707363
45.51820728291316,9.994525623591702
45.61824729891956,9.994628485850258
45.718287314925966,9.994734807188062
45.81832733093237,9.99484230458752
45.91836734693877,9.994950577763905
46.018407362945176,9.99505950495673
46.11844737895158,9.995168966765181
46.21848739495798,9.995278846148118
46.318527410964386,9.995389028424064
46.41856742697078,9.995499401271223
46.518607442977185,9.99560985472746
46.61864745898359,9.995720281190318
46.71868747498999,9.995830575417004
46.818727490996395,9.995940634524404
46.9187675070028,9.996050357989064
47.0188075230092,9.996159647647211
47.118847539015604,9.996268407694737
47.21888755502201,9.996376544687205
47.31892757102841,9.996483967539852
47.418967587034814,9.996590587527582
47.51900760304121,9.996696318284968
47.61904761904761,9.99680107580626
47.71908763505402,9.996904778445376
47.81912765106042,9.997007346915902
47.91916766706682,9.997108704291097
48.019207683073226,9.997208776003893
48.11924769907963,9.997307489846886
48.21928771508603,9.997404775972347
48.319327731092436,9.99750056689222
48.41936774709884,9.997594797478119
48.51940776310524,9.99768740496132
48.61944777911164,9.997778328932784
48.71948779511804,9.997867511343129
48.819527811124445,9.997954896502652
48.91956782713085,9.99804043108132
49.01960784313725,9.998124064108767
49.119647859143655,9.998205746974302
49.21968787515006,9.9982854334269
49.31972789115646,9.998363079575212
49.419767907162864,9.998438643887555
49.51980792316927,9.99851208719192
49.61984793917567,9.998583372675965
49.71988795518207,9.998652465887023
49.81992797118847,9.998719334732096
49.91996798719487,9.998783949477854
50.020008003201276,9.998846282750643
50.12004801920768,9.998906309536475
50.22008803521408,9.998964007181032
50.320128051220486,9.999019355389674
50.42016806722689,9.999072336227423
50.52020808323329,9.999122934118976
50.620248099239696,9.999171135848702
50.72028811524609,9.999216930560635
50.820328131252495,9.999260309758489
50.9203681472589,9.999301267305638
51.0204081632653,9.999339799425133
51.120448179271705,9.999375904699697
51.22048819527811,9.999409584071719
51.32052821128451,9.999440840843262
51.420568227290914,9.999469680676057
51.52060824329732,9.999496111591508
51.62064825930372,9.99952014397069
51.720688275310124,9.999541790554346
51.82072829131652,9.99956106644289
51.92076830732292,9.999577989096412
52.02080832332933,9.999592578334665
52.12084833933573,9.99960485633708
52.22088835534213,9.99961484764275
52.320928371348536,9.999622579150447
52.42096838735494,9.99962808011861
52.52100840336134,9.999631382165347
52.621048419367746,9.999632519268442
52.72108843537415,9.999631527765345
52.821128451380545,9.999628446353176
52.92116846738695,9.999623316088732
53.02120848339335,9.999616180388472
53.121248499399755,9.999607085028533
53.22128851540616,9.999596078144718
53.32132853141256,9.999583210232503
53.421368547418965,9.999568534147036
53.52140856342537,9.999552105103131
53.62144857943177,9.999533980675277
53.721488595438174,9.999514220797634
53.82152861144458,9.999492887764026
53.921568627450974,9.999470046227957
54.02160864345738,9.999445763202596
54.12164865946378,9.999420108060782
54.22168867547018,9.99939315253503
54.32172869147659,9.999364970717519
54.42176870748299,9.999335639060105
54.52180872348939,9.999305236374308
54.621848739495796,9.999273843831325
54.7218887555022,9.999241544962022
54.8219287715086,9.999208425656931
54.921968787515006,9.999174574166263
55.0220088035214,9.99914008109989
55.122048819527805,9.999105039427363
55.22208883553421,9.9990695444779
55.32212885154061,9.99903369394039
55.422168867547015,9.998997587863391
55.52220888355342,9.998961328655136
55.62224889955982,9.998925021083526
55.722288915566224,9.99888877227613
55.82232893157263,9.998852691720193
55.92236894757903,9.998816891262628
56.022408963585434,9.998781485110017
56.12244897959183,9.998746589828619
56.22248899559823,9.998712324344353
56.32252901160464,9.998678809942819
56.42256902761104,9.998646170269282
56.52260904361744,9.998614531328682
56.622649059623846,9.998584021485623
56.72268907563025,9.998554771464386
56.82272909163665,9.99852691434892
56.922769107643056,9.998500585582844
57.02280912364946,9.99847592296945
57.122849139655855,9.998453066671699
57.22288915566226,9.998432159212221
57.32292917166866,9.998413345473322
57.422969187675065,9.998396772696974
57.52300920368147,9.998382590484821
57.62304921968787,9.998370950798178
57.723089235694275,9.998362007958029
57.82312925170068,9.99835591864503
57.92316926770708,9.99835284189951
58.023209283713484,9.998352939121467
58.12324929971989,9.998356374070568
58.223289315726284,9.99836331286615
58.32332933173269,9.998373923987224
58.42336934773909,9.99838837827247
58.52340936374549,9.99840684892024
58.6234493797519,9.998429511488554
58.7234893957583,9.998456543895104
58.8235294117647,9.998487646144605
58.923569427771106,9.998521421355148
59.02360944377751,9.99855765963861
59.12364945978391,9.998596243805919
59.22368947579031,9.998637058217891
59.32372949179671,9.99867998878524
59.423769507803115,9.998724922968568
59.52380952380952,9.998771749778367
59.62384953981592,9.998820359775022
59.723889555822325,9.998870645068815
59.82392957182873,9.998922499319907
59.92396958783513,9.99897581773836
60.024009603841534,9.99903049708413
60.12404961984794,9.999086435667053
60.22408963585434,9.999143533346867
60.32412965186074,9.999201691533198
60.42416966786714,9.999260813185561
60.52420968387354,9.999320802813367
60.62424969987995,9.999381566475916
60.72428971588635,9.9994430117824
60.82432973189275,9.999505047891901
60.924369747899156,9.999567585513395
61.02440976390556,9.999630536905748
61.12444977991196,9.99969381587772
61.224489795918366,9.999757337787957
61.32452981192477,9.999821019545001
61.424569827931165,9.999884779607285
61.52460984393757,9.999948537983135
61.62464985994397,10.000012216230763
61.724689875950375,10.000075737458276
61.82472989195678,10.000139026323676
61.92476990796318,10.00020200903485
62.024809923969585,10.00026461334958
62.12484993997599,10.00032676857554
62.22488995598239,10.000388405570295
62.324929971988794,10.000449456741299
62.4249699879952,10.0005098560459
62.525010004001594,10.00056953899134
62.625050020008,10.000628442634746
62.7250900360144,10.000686505583142
62.8251300520208,10.00074366799344
62.92517006802721,10.000799871572447
63.02521008403361,10.000855059576859
63.12525010004001,10.000909176813263
63.225290116046416,10.00096216963814
63.32533013205282,10.001013985957862
63.42537014805922,10.001064575228689
63.52541016406562,10.001113888456779
63.62545018007202,10.001161878198173
63.725490196078425,10.001208498558812
63.82553021208483,10.001253705194525
63.92557022809123,10.001297455311029
64.02561024409763,10.001339707663938
64.12565026010404,10.001380422558755
64.22569027611044,10.001419561850875
64.32573029211684,10.001457088945584
64.42577030812325,10.00149296879806
64.52581032412965,10.001527167913371
64.62585034013605,10.00155965434648
64.72589035614246,10.001590397702238
64.82593037214886,10.001619369135389
64.92597038815526,10.001646541350569
65.02601040416167,10.001671888602305
65.12605042016806,10.001695386695014
65.22609043617446,10.001717012983008
65.32613045218086,10.001736746370486
65.42617046818727,10.001754567311542
65.52621048419367,10.001770457810162
65.62625050020007,10.00178440142022
65.72629051620648,10.001796383245484
65.82633053221288,10.001806389939613
65.92637054821928,10.001814409706158
66.02641056422569,10.001820432298562
66.12645058023209,10.001824449020155
66.22649059623849,10.001826452724167
66.3265306122449,10.00182643781371
66.4265706282513,10.001824400241793
66.5266106442577,10.001820337511319
66.6266506602641,10.001814248675075
66.72669067627051,10.001806134335745
66.82673069227691,10.001795996645903
66.92677070828331,10.001783839308017
67.02681072428972,10.00176966757444
67.12685074029612,10.001753488247424
67.22689075630251,10.001735309679107
67.32693077230891,10.001715141771522
67.42697078831532,10.001692995976592
67.52701080432172,10.001668885296132
67.62705082032812,10.001642824281847
67.72709083633453,10.001614829035335
67.82713085234093,10.001584917208087
67.92717086834733,10.001553108001481
68.02721088435374,10.001519422166792
68.12725090036014,10.001483882005182
68.22729091636654,10.001446511367707
68.32733093237294,10.001407335655314
68.42737094837935,10.00136638181884
68.52741096438575,10.001323678359018
68.62745098039215,10.001279255326466
68.72749099639856,10.001233144321697
68.82753101240496,10.001185378495117
68.92757102841136,10.00113599254702
69.02761104441777,10.001085022727597
69.12765106042417,10.001032506836923
69.22769107643057,10.000978484224971
69.32773109243698,10.000922995791601
69.42777110844337,10.000866083986567
69.52781112444977,10.000807792809516
69.62785114045617,10.000748167809983
69.72789115646258,10.000687256087394
69.82793117246898,10.00062510629107
69.92797118847538,10.000561768620223
70.02801120448179,10.000497294823955
70.12805122048819,10.00043173820126
70.22809123649459,10.000365153601024
70.328131252501,10.000297597422021
70.4281712685074,10.000229127612924
70.5282112845138,10.000159803672291
70.6282513005202,10.000089686648574
70.72829131652661,10.000018839140115
70.82833133253301,9.999947325295148
70.92837134853941,9.999875210811801
71.02841136454582,9.999802562938093
71.12845138055222,9.99972945047193
71.22849139655862,9.999655943761114
71.32853141256503,9.999582114703339
71.42857142857143,9.999508036746183
71.52861144457782,9.99943378488713
71.62865146058422,9.999359435673538
71.72869147659063,9.99928506720267
71.82873149259703,9.999210759121675
71.92877150860343,9.999136592627593
72.02881152460984,9.999062650467359
72.12885154061624,9.998989016937795
72.22889155662264,9.99891577788562
72.32893157262905,9.998843020707437
72.42897158863545,9.998770834349747
72.52901160464185,9.998699309308941
72.62905162064826,9.9986285376313
72.72909163665466,9.998558612912998
72.82913165266106,9.9984896303001
72.92917166866746,9.998421686488559
73.02921168467387,9.998354879724227
73.12925170068027,9.998289309802843
73.22929171668667,9.998225078070035
73.32933173269308,9.998162287421328
73.42937174869948,9.998101042302137
73.52941176470588,9.998041448707765
73.62945178071229,9.997983614183408
73.72949179671868,9.997927647824158
73.82953181272508,9.997873660274992
73.92957182873148,9.997821763730784
74.02961184473789,9.997772071936295
74.12965186074429,9.99772470018618
74.22969187675069,9.997679765324985
74.3297318927571,9.997637385747149
74.4297719087635,9.997597681396998
74.5298119247699,9.997560773768758
74.6298519407763,9.997526785906533
74.72989195678271,9.997495842404334
74.82993197278911,9.997468069406052
74.92997198879551,9.997443594605476
75.03001200480192,9.997422547246282
75.13005202080832,9.997405058122043
75.23009203681472,9.997391259576215
75.33013205282113,9.997381285502154
75.43017206882753,9.997375271343104
75.53021208483393,9.997373354092202
75.63025210084034,9.997375672292472
75.73029211684674,9.997382366036835
75.83033213285313,9.9973935769681
75.93037214885953,9.997409448278969
76.03041216486594,9.997430124712036
76.13045218087234,9.997455752559786
76.23049219687874,9.997486479664595
76.33053221288515,9.997522455418729
76.43057222889155,9.99756383076435
76.53061224489795,9.997610771274282
76.63065226090436,9.997663532922196
76.73069227691076,9.997721980879616
76.83073229291716,9.997785875062386
76.93077230892357,9.997854978326973
77.03081232492997,9.99792905647047
77.13085234093637,9.998007878230592
77.23089235694277,9.998091215285674
77.33093237294918,9.998178842254681
77.43097238895558,9.998270536697195
77.53101240496198,9.998366079113422
77.63105242096839,9.998465252944195
77.73109243697479,9.998567844570967
77.8311324529812,9.998673643315815
77.93117246898758,9.998782441441438
78.03121248499399,9.99889403415116
78.13125250100039,9.999008219588928
78.23129251700679,9.999124798839311
78.3313325330132,9.999243575927501
78.4313725490196,9.999364357819315
78.531412565026,9.999486954421192
78.6314525810324,9.999611178580194
78.73149259703881,9.999736846084007
78.83153261304521,9.99986377566094
78.93157262905162,9.999991788979923
79.03161264505802,10.000120710650512
79.13165266106442,10.000250368222884
79.23169267707082,10.000380592187843
79.33173269307723,10.000511215976813
79.43177270908363,10.00064207596184
79.53181272509003,10.000773011455596
79.63185274109644,10.000903864711375
79.73189275710284,10.001034480923092
79.83193277310924,10.001164708225291
79.93197278911565,10.001294397693135
80.03201280512204,10.001423403342407
80.13205282112844,10.001551582129522
80.23209283713484,10.001678793951509
80.33213285314125,10.001804901646027
80.43217286914765,10.001929770991355
80.53221288515405,10.002053270706392
80.63225290116046,10.00217527245067
80.73229291716686,10.002295650824333
80.83233293317326,10.002414283368157
80.93237294917967,10.002531050563535
81.03241296518607,10.002645835832483
81.13245298119247,10.002758525537649
81.23249299719888,10.002869008982293
81.33253301320528,10.002977178410303
81.43257302921168,10.003082929006194
81.53261304521808,10.003186158895097
81.63265306122449,10.00328676914277
81.73269307723089,10.003384663755595
81.8327330932373,10.003479749680574
81.9327731092437,10.003571936805336
82.0328131252501,10.003661137958131
82.1328531412565,10.003747268907832
82.2328931572629,10.003830248363936
82.3329331732693,10.003909997976562
82.4329731892757,10.003986442336453
82.5330132052821,10.004059508974974
82.6330532212885,10.004129128364118
82.73309323729491,10.004195233916494
82.83313325330131,10.00425776198534
82.93317326930772,10.004316651864512
83.03321328531412,10.004371845788496
83.13325330132052,10.004423288932394
83.23329331732693,10.004470929411935
83.33333333333333,10.00451471828347
83.43337334933973,10.004554609543977
83.53341336534614,10.00459056013105
83.63345338135254,10.00462252992291
83.73349339735894,10.004650481738405
83.83353341336534,10.004674381337
83.93357342937175,10.004694197418786
84.03361344537815,10.004709901624475
84.13365346138455,10.004721468535408
84.23369347739096,10.00472887567354
84.33373349339735,10.004732103501459
84.43377350940375,10.004731135422368
84.53381352541015,10.004725957780098
84.63385354141656,10.004716559859101
84.73389355742296,10.004702933884456
84.83393357342936,10.00468507502186
84.93397358943577,10.004662981377635
85.03401360544217,10.004636653998725
85.13405362144857,10.004606096872703
85.23409363745498,10.004571316927757
85.33413365346138,10.004532324032704
85.43417366946778,10.004489130996982
85.53421368547419,10.004441753570651
85.63425370148059,10.004390210444399
85.73429371748699,10.004334523249529
85.8343337334934,10.004274716557976
85.9343737494998,10.004210817882292
86.0344137655062,10.004142857675655
86.1344537815126,10.004070869331864
86.23449379751901,10.003994889185345
86.33453381352541,10.003914956511144
86.43457382953181,10.00383111352493
86.5346138455382,10.003743405382997
86.6346538615446,10.00365188018226
86.73469387755101,10.00355658896026
86.83473389355741,10.00345758569516
86.93477390956382,10.003354927305745
87.03481392557022,10.003248673651424
87.13485394157662,10.00313888753223
87.23489395758303,10.003025634688818
87.33493397358943,10.002908983802465
87.43497398959583,10.002789006495075
87.53501400560224,10.002665777329172
87.63505402160864,10.002539373807902
87.73509403761504,10.002409876375042
87.83513405362145,10.00227736841498
87.93517406962785,10.002141936252738
88.03521408563425,10.002003669153954
88.13525410164065,10.001862659324892
88.23529411764706,10.001719001912443
88.33533413365346,10.001572795004114
88.43537414965986,10.001424139628037
88.53541416566627,10.001273139752973
88.63545418167266,10.001119902288298
88.73549419767906,10.000964537084018
88.83553421368546,10.000807156930756
88.93557422969187,10.000647877559764
89.03561424569827,10.000486817642914
89.13565426170467,10.000324098792701
89.23569427771108,10.000159845562244
89.33573429371748,9.999994185445287
89.43577430972388,9.99982724887619
89.53581432573029,9.999659169229949
89.63585434173669,9.999490082822168
89.73589435774309,9.999320128909089
89.8359343737495,9.999149449687565
89.9359743897559,9.998978190295077
90.0360144057623,9.998806498809731
90.1360544217687,9.998634526250255
90.23609443777511,9.998462426576
90.33613445378151,9.998290356686937
90.43617446978791,9.998118476423663
90.53621448579432,9.997946948567403
90.63625450180072,9.997775938839995
90.73629451780711,9.99760561590391
90.83633453381351,9.997436151362233
90.93637454981992,9.99726771975868
91.03641456582632,9.997100498577586
91.13645458183272,9.996934668243911
91.23649459783913,9.996770412123238
91.33653461384553,9.99660791652177
91.43657462985193,9.996447370686338
91.53661464585834,9.996288966804393
91.63665466186474,9.99613290000401
91.73669467787114,9.995979368353888
91.83673469387755,9.995828572863347
91.93677470988395,9.995680717482335
92.03681472589035,9.995536009101416
92.13685474189676,9.995394657551781
92.23689475790316,9.995256875605248
92.33693477390956,9.99512287897425
92.43697478991596,9.99499288631185
92.53701480592237,9.994867119211733
92.63705482192877,9.994745802208202
92.73709483793517,9.994629162776189
92.83713485394156,9.994517431331248
92.93717486994797,9.994410841229554
93.03721488595437,9.994309628767907
93.13725490196077,9.99421403318373
93.23729491796718,9.99412429665507
93.33733493397358,9.994040664300593
93.43737494997998,9.993963384179594
93.53741496598639,9.993892707291987
93.63745498199279,9.993828887578312
93.73749499799919,9.99377218191973
93.8375350140056,9.993722850138026
93.937575030012,9.993681154995608
94.0376150460184,9.993647362195507
94.1376550620248,9.993621740381377
94.23769507803121,9.993604561137497
94.33773509403761,9.993596098988768
94.43777511004402,9.993596631400713
94.53781512605042,9.99360643877948
94.63785514205682,9.993625804471838
94.73789515806322,9.993655014765183
94.83793517406963,9.993694358887529
94.93797519007603,9.993744129007517
95.03801520608242,9.99380462023441
95.13805522208882,9.993876130618096
95.23809523809523,9.993958961149081
95.33813525410163,9.9940534157585
95.43817527010803,9.994159801318109
95.53821528611444,9.994276906528949
95.63825530212084,9.994400367800383
95.73829531812724,9.994529593737898
95.83833533413365,9.994664259832048
95.93837535014005,9.99480404630825
96.03841536614645,9.99494863812679
96.13845538215286,9.995097724982807
96.23849539815926,9.995251001306311
96.33853541416566,9.995408166262173
96.43857543017207,9.995568923750128
96.53861544617847,9.99573298240477
96.63865546218487,9.995900055595559
96.73869547819127,9.996069861426822
96.83873549419768,9.996242122737742
96.93877551020408,9.99641656710237
97.03881552621048,9.996592926829619
97.13885554221687,9.996770938963264
97.23889555822328,9.996950345281943
97.33893557422968,9.997130892299161
97.43897559023608,9.997312331263279
97.53901560624249,9.99749441815753
97.63905562224889,9.997676913700001
97.7390956382553,9.997859583343649
97.8391356542617,9.998042197276291
97.9391756702681,9.99822453042061
98.0392156862745,9.998406362434146
98.1392557022809,9.99858747770931
98.23929571828731,9.99876766537337
98.33933573429371,9.998946719288458
98.43937575030012,9.999124438051576
98.53941576630652,9.999300624994577
98.63945578231292,9.99947508818419
98.73949579831933,9.999647640421994
98.83953581432573,9.999818099244445
98.93957583033213,9.999986286922852
99.03961584633853,10.000152030463388
99.13965586234494,10.000315161607096
99.23969587835134,10.000475516829876
99.33973589435773,10.000632937342491
99.43977591036413,10.000787269090571
99.53981592637054,10.000938362754606
99.63985594237694,10.00108607374995
99.73989595838334,10.001230262226821
99.83993597438975,10.001370793070299
99.93997599039615,10.001507535900327
100.04001600640255,10.001640365071712
100.14005602240896,10.001769159674124
100.24009603841536,10.001893803532097
100.34013605442176,10.002014185205025
100.44017607042817,10.002130197987169
100.54021608643457,10.002241739907651
100.64025610244097,10.002348713730456
100.74029611844738,10.002451026954432
100.84033613445378,10.002548591813293
100.94037615046018,10.002641325275611
101.04041616646658,10.002729149044825
101.14045618247299,10.002811989559238
101.24049619847939,10.002889777992012
101.3405362144858,10.002962450251175
101.44057623049218,10.00302994697962
101.54061624649859,10.003092213555096
101.64065626250499,10.003149200090224
101.7406962785114,10.00320086143248
101.8407362945178,10.003247157164212
101.9407763105242,10.003288051602624
102.0408163265306,10.003323513799783
102.140856342537,10.003353517542624
102.24089635854341,10.003378041352944
102.34093637454981,10.003397068487399
102.44097639055622,10.00341058693751
102.54101640656262,10.003418589429666
102.64105642256902,10.003421073425114
102.74109643857543,10.003418041119962
102.84113645458183,10.003409499445189
102.94117647058823,10.00339546006663
103.04121648659464,10.003375939384984
103.14125650260104,10.003350958535819
103.24129651860744,10.00332054338956
103.34133653461384,10.003284724551497
103.44137655062025,10.003243537361783
103.54141656662664,10.003197021895435
103.64145658263304,10.003145222962333
103.74149659863944,10.003088190107217
103.84153661464585,10.003025977609697
103.94157663065225,10.002958644484238
104.04161664665865,10.002886254480174
104.14165666266506,10.002808876081701
104.24169667867146,10.002726582507876
104.34173669467786,10.00263945171262
104.44177671068427,10.002547566384719
104.54181672669067,10.002451013947818
104.64185674269707,10.002349886560433
104.74189675870348,10.002244281115932
104.84193677470988,10.002134299242556
104.94197679071628,10.002020047303406
105.04201680672269,10.001901636396441
105.14205682272909,10.001779182354491
105.24209683873549,10.001652805745247
105.3421368547419,10.001522631871259
105.4421768707483,10.001388790769942
105.5422168867547,10.001251417213577
105.64225690276109,10.001110650709307
105.7422969187675,10.000966635499136
105.8423369347739,10.000819520559933
105.9423769507803,10.00066945960343
106.0424169667867,10.00051661107622
106.1424569827931,10.000361138159763
106.24249699879951,10.000203208770378
106.34253701480591,10.00004299555925
106.44257703081232,9.999880675912427
106.54261704681872,9.99971643195082
106.64265706282512,9.9995504505302
106.74269707883153,9.999382923241205
106.84273709483793,9.999214046409337
106.94277711084433,9.999044021094955
107.04281712685074,9.998873053093288
107.14285714285714,9.998701352934424
107.24289715886354,9.998529135883315
107.34293717486995,9.998356621939779
107.44297719087635,9.998184035838491
107.54301720688275,9.998011607048994
107.64305722288915,9.997839569775696
107.74309723889556,9.99766816295786
107.84313725490195,9.99749763026962
107.94317727090835,9.997328220119972
108.04321728691475,9.99716018565277
108.14325730292116,9.996993784746735
108.24329731892756,9.996829280015453
108.34333733493396,9.996666938807369
108.44337735094037,9.996507033205795
108.54341736694677,9.9963498400289
108.64345738295317,9.996195640829725
108.74349739895958,9.996044721896165
108.84353741496598,9.995897374250987
108.94357743097238,9.995753893651813
109.04361744697879,9.995614580591134
109.14365746298519,9.9954797402963
109.24369747899159,9.995349682729529
109.343737494998,9.995224722587896
109.4437775110044,9.995105179303344
109.5438175270108,9.994991377042677
109.6438575430172,9.994883644707564
109.74389755902361,9.994782315934533
109.84393757503001,9.994687729094979
109.9439775910364,9.994600227295159
110.0440176070428,9.994520158376195
110.1440576230492,9.994447874914067
110.24409763905561,9.994383734219625
110.34413765506201,9.994328098338576
110.44417767106842,9.994281334051491
110.54421768707482,9.994243812873812
110.64425770308122,9.99421591105583
110.74429771908763,9.994198009582714
110.84433773509403,9.994190494174486
110.94437775110043,9.994193755286034
111.04441776710684,9.994208188107109
111.14445778311324,9.99423419256233
111.24449779911964,9.994272173311169
111.34453781512605,9.99432253974797
111.44457783113245,9.994385706001935
111.54461784713885,9.994462090937134
111.64465786314526,9.994552118152495
111.74469787915166,9.994655912209494
111.84473789515806,9.99476771805521
111.94477791116446,9.994884972152219
112.04481792717087,9.995007373111273
112.14485794317726,9.995134623913398
112.24489795918366,9.995266431909892
112.34493797519006,9.995402508822336
112.44497799119647,9.99554257074258
112.54501800720287,9.995686338132751
112.64505802320927,9.995833535825254
112.74509803921568,9.995983893022764
112.84513805522208,9.996137143298235
112.94517807122848,9.996293024594896
113.04521808723489,9.996451279226251
113.14525810324129,9.996611653876078
113.24529811924769,9.996773899598432
113.3453381352541,9.996937771817644
113.4453781512605,9.997103030328315
113.5454181672669,9.997269439295328
113.6454581832733,9.997436767253838
113.74549819927971,9.997604787109275
113.84553821528611,9.997773276137346
113.94557823129252,9.997942015984032
114.04561824729892,9.99811079266559
114.14565826330532,9.99827939656855
114.24569827931171,9.998447622449723
114.34573829531811,9.998615269436188
114.44577831132452,9.998782141025302
114.54581832733092,9.9989480450847
114.64585834333732,9.999112793852293
114.74589835934373,9.999276203936258
114.84593837535013,9.999438096315059
114.94597839135653,9.999598296337428
115.04601840736294,9.999756633722376
115.14605842336934,9.999912942559186
115.24609843937574,10.00006706130742
115.34613845538215,10.000218832796909
115.44617847138855,10.000368104227768
115.54621848739495,10.000514727170382
115.64625850340136,10.00065855756541
115.74629851940776,10.000799455723792
115.84633853541416,10.000937286326737
115.94637855142057,10.001071918425733
116.04641856742697,10.001203225442541
116.14645858343337,10.0013310851692
116.24649859943978,10.001455379768021
116.34653861544616,10.001575995771596
116.44657863145257,10.001692824082784
116.54661864745897,10.001805759974728
116.64665866346537,10.001914703090836
116.74669867947178,10.002019557444804
116.84673869547818,10.002120231420593
116.94677871148458,10.002216637772442
117.04681872749099,10.002308693624867
117.14685874349739,10.00239632047266
117.2468987595038,10.002479444180885
117.3469387755102,10.002557994984883
117.4469787915166,10.002631907490272
117.547018807523,10.002701120672942
117.6470588235294,10.00276557787906
117.74709883953581,10.002825226825069
117.84713885554221,10.002880019597685
117.94717887154862,10.0029299126539
118.04721888755502,10.002974866820987
118.14725890356142,10.003014847296482
118.24729891956783,10.003049823648208
118.34733893557423,10.00307976981426
118.44737895158062,10.003104664103002
118.54741896758702,10.003124489193084
118.64745898359342,10.003139232133423
118.74749899959983,10.003148884343213
118.84753901560623,10.003153441611925
118.94757903161263,10.003152904099306
119.04761904761904,10.003147276335376
119.14765906362544,10.00313656722043
119.24769907963184,10.003120790025042
119.34773909563825,10.003099962390055
119.44777911164465,10.003074106326594
119.54781912765105,10.003043248216054
119.64785914365746,10.00300741881011
119.74789915966386,10.002966653230708
119.84793917567026,10.002920990970072
119.94797919167667,10.002870475890699
120.04801920768307,10.002815156225365
120.14805922368947,10.002755084577117
120.24809923969588,10.00269031791928
120.34813925570228,10.002620917595454
120.44817927170868,10.002546949319512
120.54821928771509,10.002468483175607
120.64825930372147,10.002385593618161
120.74829931972788,10.002298359471878
120.84833933573428,10.00220686393173
120.94837935174068,10.002111194562973
121.04841936774709,10.00201144330113
121.14845938375349,10.001907706452004
121.2484993997599,10.001800084691672
121.3485394157663,10.001688683066487
121.4485794317727,10.001573610993075
121.5486194477791,10.001454982258341
121.6486594637855,10.00133291501946
121.74869947979191,10.00120753180389
121.84873949579831,10.001078959509359
121.94877951180472,10.000947329403866
122.04881952781112,10.000812777125697
122.14885954381752,10.000675442683402
122.24889955982393,10.000535470455812
122.34893957583033,10.000393009192035
122.44897959183673,10.000248212011448
122.54901960784314,10.000101236403706
122.64905962384954,9.999952244228746
122.74909963985593,9.999801401716768
122.84913965586233,9.999648879468257
122.94917967186873,9.999494852453969
123.04921968787514,9.999339500014937
123.14925970388154,9.999183005862468
123.24929971988794,9.999025558078143
123.34933973589435,9.998867349113823
123.44937975190075,9.99870857579164
123.54941976790715,9.998549439304004
123.64945978391356,9.998390145213596
123.74949979991996,9.998230903453377
123.84953981592636,9.998071928326581
123.94957983193277,9.99791343850672
124.04961984793917,9.997755657037576
124.14965986394557,9.99759881133321
124.24969987995198,9.997443133177958
124.34973989595838,9.997288858726433
124.44977991196478,9.997136228503518
124.54981992797119,9.996985487404377
124.64985994397759,9.996836884694444
124.74989995998399,9.996690674009434
124.8499399759904,9.996547113355332
124.94997999199678,9.996406465108402
125.05002000800319,9.996268996015182
125.15006002400959,9.996134977192485
125.250100040016,9.996004684127398
125.3501400560224,9.995878396677288
125.4501800720288,9.99575639906979
125.5502200880352,9.995638979902822
125.6502601040416,9.99552643214457
125.75030012004801,9.995419053133503
125.85034013605441,9.995317144578358
125.95038015206082,9.995221012558153
126.05042016806722,9.995130967522176
126.15046018407362,9.995047324289995
126.25050020008003,9.994970402051452
126.35054021608643,9.994900524366662
126.45058023209283,9.994838019166016
126.55062024809924,9.994783218750182
126.65066026410564,9.994736459790104
126.75070028011204,9.994698083327
126.85074029611845,9.99466843477236
126.95078031212485,9.994647863907955
127.05082032813124,9.994636724885828
127.15086034413764,9.994635376228297
127.25090036014404,9.994644180827956
127.35094037615045,9.994663505947678
127.45098039215685,9.994693723220601
127.55102040816325,9.994735208650152
127.65106042416966,9.994788342610024
127.75110044017606,9.994853509844186
127.85114045618246,9.994931099466884
127.95118047218887,9.99502150496264
128.05122048819527,9.995122953545811
128.15126050420167,9.995231365556357
128.25130052020808,9.995346312435847
128.35134053621448,9.99546746012191
128.45138055222088,9.99559447917128
128.5514205682273,9.995727044759795
128.6514605842337,9.995864836682408
128.7515006002401,9.996007539353174
128.8515406162465,9.996154841805263
128.9515806322529,9.996306437690945
129.0516206482593,9.996462025281602
129.1516606642657,9.996621307467723
129.2517006802721,9.996783991758907
129.3517406962785,9.996949790283859
129.45178071228491,9.997118419790388
129.55182072829132,9.997289601645418
129.65186074429772,9.99746306183498
129.75190076030412,9.997638530964206
129.85194077631053,9.997815744257345
129.95198079231693,9.997994441557747
130.05202080832333,9.998174367327874
130.15206082432974,9.998355270649292
130.2521008403361,9.998536905222679
130.35214085634252,9.99871902936782
130.45218087234892,9.998901406023606
130.55222088835532,9.999083802748038
130.65226090436173,9.999265991718222
130.75230092036813,9.999447749730376
130.85234093637453,9.999628858199822
130.95238095238093,9.999809103160993
131.05242096838734,9.999988275267429
131.15246098439374,10.000166169791777
131.25250100040014,10.000342586625791
131.35254101640655,10.000517330280337
131.45258103241295,10.000690209885384
131.55262104841935,10.000861039190012
131.65266106442576,10.001029636562409
131.75270108043216,10.001195824989868
131.85274109643856,10.001359432078793
131.95278111244497,10.001520290054694
132.05282112845137,10.001678235762192
132.15286114445777,10.001833110665013
132.25290116046418,10.001984760845989
132.35294117647058,10.002133037007065
132.45298119247698,10.002277794469292
132.5530212084834,10.002418893172823
132.6530612244898,10.002556197676931
132.7531012404962,10.002689577159988
132.8531412565026,10.002818905419472
132.953181272509,10.002944060871979
133.0532212885154,10.003064926553202
133.1532613045218,10.00318139011795
133.2533013205282,10.003293343840136
133.3533413365346,10.00340068461278
133.45338135254102,10.003503313948011
133.55342136854742,10.00360113797707
133.65346138455382,10.003694067450299
133.75350140056022,10.003782017737153
133.85354141656663,10.003864908826193
133.95358143257303,10.003942665325088
134.05362144857943,10.004015216460612
134.15366146458584,10.004082496078654
134.25370148059224,10.004144442644206
134.35374149659864,10.004200999241368
134.45378151260502,10.004252113573347
134.55382152861142,10.004297737962462
134.65386154461783,10.004337829350137
134.75390156062423,10.004372349296903
134.85394157663063,10.0044012639824
134.95398159263704,10.00442454420538
135.05402160864344,10.004442165383693
135.15406162464984,10.00445410755431
135.25410164065624,10.004460355373297
135.35414165666265,10.004460898115836
135.45418167266905,10.004455729676215
135.55422168867545,10.004444848567829
135.65426170468186,10.004428257923182
135.75430172068826,10.004405965493886
135.85434173669466,10.00437798365066
135.95438175270107,10.00434432938333
136.05442176870747,10.004305024300832
136.15446178471387,10.004260094631212
136.25450180072028,10.004209571221615
136.35454181672668,10.004153489538306
136.45458183273308,10.004091889666647
136.5546218487395,10.004024816311116
136.6546618647459,10.003952318795294
136.7547018807523,10.003874451061872
136.8547418967587,10.003791271672648
136.9547819127651,10.003702843808531
137.0548219287715,10.003609235269533
137.1548619447779,10.003510518474775
137.2549019607843,10.003406770462488
137.3549419767907,10.003298072890013
137.45498199279712,10.003184512033794
137.55502200880352,10.003066178789382
137.65506202480992,10.002943168671443
137.75510204081633,10.002815581813746
137.85514205682273,10.002683522969164
137.95518207282913,10.00254710150969
138.05522208883554,10.002406431426412
138.15526210484194,10.002261631329532
138.25530212084834,10.00211282444836
138.35534213685474,10.001960138631315
138.45538215286115,10.00180370634592
138.55542216886755,10.001643664678808
138.65546218487395,10.00148015533572
138.75550220088033,10.001313324641504
138.85554221688673,10.00114332354012
138.95558223289314,10.00097030759463
139.05562224889954,10.000794436987205
139.15566226490594,10.000615876519129
139.25570228091235,10.000434795610788
139.35574229691875,10.00025136830168
139.45578231292515,10.000065773250407
139.55582232893155,9.999878193734684
139.65586234493796,9.999688817651329
139.75590236094436,9.99949783751627
139.85594237695076,9.999305450464542
139.95598239295717,9.99911185825029
140.05602240896357,9.998917267246766
140.15606242496997,9.99872188844633
140.25610244097638,9.998525937460446
140.35614245698278,9.998329634519694
140.45618247298918,9.998133204473755
140.5562224889956,9.997936876791421
140.656262505002,9.99774088556059
140.7563025210084,9.99754546948827
140.8563425370148,9.997350871900574
140.9563825530212,9.997157340742728
141.0564225690276,9.996965128579061
141.156462585034,9.996774492593012
141.2565026010404,9.996585694587127
141.3565426170468,9.996399000983061
141.45658263305322,9.996214682821577
141.55662264905962,9.996033015762544
141.65666266506602,9.995854280084941
141.75670268107243,9.995678760686856
141.85674269707883,9.995506747085479
141.95678271308523,9.995338533417115
142.05682272909164,9.995174418437173
142.15686274509804,9.995014705520171
142.25690276110444,9.994859702659735
142.35694277711085,9.994709722468599
142.45698279311725,9.994565082178601
142.55702280912365,9.994426103640697
142.65706282513005,9.994293113324938
142.75710284113646,9.994166442320491
142.85714285714286,9.994046426335633
142.95718287314926,9.99393340569774
143.05722288915564,9.993827725353304
143.15726290516204,9.993729734867921
143.25730292116845,9.993639788426295
143.35734293717485,9.993558244832242
143.45738295318125,9.993485467508677
143.55742296918766,9.993421824497634
143.65746298519406,9.993367688460246
143.75750300120046,9.99332343667676
143.85754301720686,9.993289451046527
143.95758303321327,9.993266118088007
144.05762304921967,9.99325382893877
144.15766306522607,9.993252979355487
144.25770308123248,9.993263969713947
144.35774309723888,9.99328720500904
144.45778311324528,9.993323094854766
144.5578231292517,9.993372053484233
144.6578631452581,9.993434499749656
144.7579031612645,9.99351085712236
144.8579431772709,9.993601553692773
144.9579831932773,9.993707022170437
145.0580232092837,9.99382746308568
145.1580632252901,9.99395874311816
145.2581032412965,9.994098877459734
145.3581432573029,9.994247429158227
145.45818327330932,9.994403967209557
145.55822328931572,9.994568066557742
145.65826330532212,9.994739308094903
145.75830332132853,9.994917278661257
145.85834333733493,9.995101571045119
145.95838335334133,9.995291783982907
146.05842336934774,9.995487522159133
146.15846338535414,9.995688396206411
146.25850340136054,9.995894022705457
146.35854341736695,9.996104024185078
146.45858343337335,9.996318029122188
146.55862344937975,9.996535671941794
146.65866346538616,9.996756593017007
146.75870348139256,9.996980438669036
146.85874349739896,9.997206861167182
146.95878351340536,9.997435518728857
147.05882352941177,9.997666075519563
147.15886354541817,9.997898201652902
147.25890356142457,9.99813157319058
147.35894357743095,9.998365872142397
147.45898359343735,9.998600786466255
147.55902360944376,9.998836010068153
147.65906362545016,9.99907124280219
147.75910364145656,9.999306190470564
147.85914365746297,9.999540564823572
147.95918367346937,9.999774083559611
148.05922368947577,10.000006470325173
148.15926370548218,10.000237454714856
148.25930372148858,10.00046677227135
148.35934373749498,10.000694164485447
148.45938375350138,10.00091937879604
148.5594237695078,10.001142168590118
148.6594637855142,10.001362293202769
148.7595038015206,10.001579517917184
148.859543817527,10.001793613964647
148.9595838335334,10.002004358524545
149.0596238495398,10.002211534724365
149.1596638655462,10.002414931639688
149.2597038815526,10.0026143442942
149.359743897559,10.002809573659682
149.45978391356542,10.003000426656016
149.55982392957182,10.00318671615118
149.65986394557822,10.003368260961256
149.75990396158463,10.003544885850422
149.85994397759103,10.003716421530953
149.95998399359743,10.003882704663226
150.06002400960384,10.00404357785572
150.16006402561024,10.004198889665004
150.26010404161664,10.004348494595755
150.36014405762305,10.004492253100745
150.46018407362945,10.004630031580843
150.56022408963585,10.004761702385021
150.66026410564226,10.00488714381035
150.76030412164866,10.005006240101997
150.86034413765506,10.005118881453228
150.96038415366147,10.005224964005413
151.06042416966787,10.005324389848015
151.16046418567427,10.005417067018598
151.26050420168067,10.005502909502829
151.36054421768708,10.005581837234466
151.46058423369348,10.005653776095373
151.56062424969986,10.005718657915512
151.66066426570626,10.005776420472941
151.76070428171266,10.005827007493817
151.86074429771907,10.0058703686524
151.96078431372547,10.00590645957105
152.06082432973187,10.005935241820215
152.16086434573828,10.005956682918455
152.26090436174468,10.005970756332422
152.36094437775108,10.005977441476869
152.46098439375749,10.00597672371465
152.5610244097639,10.005968594356712
152.6610644257703,10.005953050662107
152.7611044417767,10.005930095837984
152.8611444577831,10.00589973903959
152.9611844737895,10.005861995370273
153.0612244897959,10.005816885881476
153.1612645058023,10.005764437572749
153.2613045218087,10.00570468339173
153.3613445378151,10.005637662234168
153.46138455382152,10.0055634189439
153.56142456982792,10.00548200431287
153.66146458583432,10.005393475081119
153.76150460184073,10.005297893936781
153.86154461784713,10.005195329516098
153.96158463385353,10.005085856403408
154.06162464985994,10.004969555131144
154.16166466586634,10.004846512179842
154.26170468187274,10.004716819978137
154.36174469787915,10.004580576902763
154.46178471388555,10.00443788727855
154.56182472989195,10.00428886137843
154.66186474589836,10.004133615423434
154.76190476190476,10.00397227158269
154.86194477791116,10.003804957973427
154.96198479391757,10.003631808660971
155.06202480992397,10.003452963658752
155.16206482593037,10.003268568928291
155.26210484193678,10.003078776379215
155.36214485794318,10.002883743869246
155.46218487394958,10.002683635204207
155.56222488995598,10.00247862013802
155.6622649059624,10.002268874372701
155.7623049219688,10.002054579558376
155.86234493797517,10.00183592329326
155.96238495398157,10.001613099123672
156.06242496998797,10.001386306544026
156.16246498599438,10.001155750996839
156.26250500200078,10.000921643872726
156.36254501800718,10.0006842025104
156.46258503401359,10.000443650196672
156.56262505002,10.000200216166455
156.6626650660264,9.999954135602762
156.7627050820328,9.999705649636699
156.8627450980392,9.999455005347475
156.9627851140456,9.999202455762399
157.062825130052,9.998948259856878
157.1628651460584,9.998692682554417
157.2629051620648,9.99843599472662
157.36294517807121,9.998178473193192
157.46298519407762,9.997920400721934
157.56302521008402,9.99766206602875
157.66306522609042,9.99740376377764
157.76310524209683,9.997145794580703
157.86314525810323,9.996888464998138
157.96318527410963,9.996632087538243
158.06322529011604,9.996376980657415
158.16326530612244,9.99612346876015
158.26330532212884,9.995871882199044
158.36334533813525,9.995622557274787
158.46338535414165,9.995375836236176
158.56342537014805,9.995132067280103
158.66346538615446,9.994891604551556
158.76350540216086,9.994654808143627
158.86354541816726,9.994422044097504
158.96358543417367,9.994193684402477
159.06362545018007,9.99397010699593
159.16366546618647,9.993751695763352
159.26370548219288,9.993538840538326
159.36374549819928,9.993331937102537
159.46378551420568,9.993131387185768
159.56382553021209,9.9929375984659
159.6638655462185,9.992750984568918
159.7639055622249,9.992571965068898
159.8639455782313,9.99240096548802
159.9639855942377,9.992238417296564
160.06402561024407,9.992084757912906
160.16406562625048,9.991940430703522
160.26410564225688,9.99180588498299
160.36414565826328,9.99168157601398
160.4641856742697,9.991567965007267
160.5642256902761,9.991465519121723
160.6642657062825,9.991374711464323
160.7643057222889,9.99129602109013
160.8643457382953,9.991229933002321
160.9643857543017,9.991176938152162
161.0644257703081,9.991137533439018
161.1644657863145,9.991112221710358
161.2645058023209,9.991101511761745
161.36454581832731,9.991105918336846
161.46458583433372,9.991125962127423
161.56462585034012,9.99116216977334
161.66466586634652,9.991215073862557
161.76470588235293,9.991285212931135
161.86474589835933,9.991373131463234
161.96478591436573,9.991479379891112
162.06482593037214,9.991604514595128
162.16486594637854,9.991749097903737
162.26490596238494,9.991912030618638
162.36494597839135,9.992085274660022
162.46498599439775,9.992267279394335
162.56502601040415,9.99245756510156
162.66506602641056,9.992655658978395
162.76510604241696,9.992861095138252
162.86514605842336,9.993073414611258
162.96518607442977,9.99329216534425
163.06522609043617,9.993516902200783
163.16526610644257,9.993747186961121
163.26530612244898,9.993982588322242
163.36534613845538,9.994222681897842
163.46538615446178,9.994467050218324
163.56542617046819,9.994715282730809
163.6654661864746,9.994966975799132
163.765506202481,9.995221732703836
163.8655462184874,9.995479163642184
163.9655862344938,9.995738885728148
164.0656262505002,9.996000522992416
164.1656662665066,9.996263706382386
164.265706282513,9.996528073762175
164.36574629851938,9.996793269912608
164.4657863145258,9.997058946531226
164.5658263305322,9.997324762232283
164.6658663465386,9.997590382546749
164.765906362545,9.9978554799223
164.8659463785514,9.998119733723337
164.9659863945578,9.998382830230963
165.0660264105642,9.998644462643
165.1660664265706,9.998904331073986
165.266106442577,9.999162142555166
165.36614645858342,9.999417611034504
165.46618647458982,9.999670457376673
165.56622649059622,9.999920409363064
165.66626650660262,10.000167201691776
165.76630652260903,10.000410575977629
165.86634653861543,10.000650280752147
165.96638655462183,10.000886071463576
166.06642657062824,10.001117710476871
166.16646658663464,10.0013449670737
166.26650660264104,10.00156761745245
166.36654661864745,10.001785444728212
166.46658663465385,10.001998238932797
166.56662665066025,10.002205797014732
166.66666666666666,10.002407922839248
166.76670668267306,10.002604427188299
166.86674669867946,10.002795127760548
166.96678671468587,10.00297984917137
167.06682673069227,10.003158422952856
167.16686674669867,10.003330687553811
167.26690676270508,10.003496488339753
167.36694677871148,10.003655677592912
167.46698679471788,10.00380811451223
167.5670268107243,10.003953665213366
167.6670668267307,10.004092202728692
167.7671068427371,10.004223607007294
167.8671468587435,10.004347764914966
167.9671868747499,10.004464570234221
168.0672268907563,10.004573923664287
168.1672669067627,10.004675732821097
168.2673069227691,10.004769912237307
168.3673469387755,10.00485638336228
168.46738695478192,10.004935074562097
168.56742697078832,10.005005921119547
168.6674669867947,10.00506886523414
168.7675070028011,10.00512385602209
168.8675470188075,10.005170849516333
168.9675870348139,10.005209808666512
169.0676270508203,10.00524070333899
169.1676670668267,10.005263510316837
169.2677070828331,10.00527821329984
169.36774709883952,10.0052848029045
169.46778711484592,10.005283276664029
169.56782713085232,10.005273639028355
169.66786714685873,10.005255901364116
169.76790716286513,10.005230081954666
169.86794717887153,10.005196206000074
169.96798719487794,10.005154305617117
170.06802721088434,10.005104419839293
170.16806722689074,10.005046594616806
170.26810724289714,10.004980882816579
170.36814725890355,10.004907344222245
170.46818727490995,10.004826045534152
170.56822729091635,10.004737060369362
170.66826730692276,10.004640469261647
170.76830732292916,10.004536359661497
170.86834733893556,10.004424825936114
170.96838735494197,10.004305969369414
171.06842737094837,10.004179898162022
171.16846738695477,10.004046727431282
171.26850740296118,10.003906579211248
171.36854741896758,10.003759582452691
171.46858743497398,10.00360587302309
171.5686274509804,10.003445593706644
171.6686674669868,10.003278894204259
171.7687074829932,10.003105931133561
171.8687474989996,10.002926868028883
171.968787515006,10.002741875341275
172.0688275310124,10.002551130438501
172.1688675470188,10.002354817605038
172.2689075630252,10.002153128042073
172.3689475790316,10.00194625986751
172.46898759503802,10.00173441811597
172.56902761104442,10.001517814738778
172.66906762705082,10.001296668603977
172.76910764305723,10.001071205496329
172.86914765906363,10.0008416581173
172.96918767507,10.000608266085077
173.0692276910764,10.000371275934556
173.1692677070828,10.000130941117348
173.2693077230892,9.999887522001778
173.36934773909562,9.999641285872883
173.46938775510202,9.999392506932413
173.56942777110842,9.999141466298834
173.66946778711483,9.998888452007325
173.76950780312123,9.998633759009776
173.86954781912763,9.998377689174792
173.96958783513404,9.998120551287693
174.06962785114044,9.99786266105051
174.16966786714684,9.997604341081987
174.26970788315325,9.997345920917585
174.36974789915965,9.997087737009474
174.46978791516605,9.996830132726542
174.56982793117245,9.996573458354387
174.66986794717886,9.996318071095322
174.76990796318526,9.996064335068372
174.86994797919166,9.995812621309279
174.96998799519807,9.995563307770492
175.07002801120447,9.99531677932118
175.17006802721087,9.995073427747224
175.27010804321728,9.994833651751215
175.37014805922368,9.99459785695246
175.47018807523008,9.99436645588698
175.5702280912365,9.994139868007506
175.6702681072429,9.99391851968349
175.7703081232493,9.99370284420109
175.8703481392557,9.993493281763179
175.9703881552621,9.993290279489347
176.0704281712685,9.993094291415892
176.1704681872749,9.99290577849583
176.2705082032813,9.992725208598888
176.3705482192877,9.992553056511507
176.47058823529412,9.992389803936844
176.57062825130052,9.992235939494764
176.67066826730692,9.99209195872185
176.77070828331333,9.9919583640714
176.87074829931973,9.991835664913417
176.97078831532613,9.991724377534625
177.07082833133254,9.991625025138461
177.1708683473389,9.991538137845072
177.2709083633453,9.991464252691323
177.37094837935172,9.991403913630787
177.47098839535812,9.991357671533754
177.57102841136452,9.991326084187225
177.67106842737093,9.99130971629492
177.77110844337733,9.991309139477266
177.87114845938373,9.991324932271406
177.97118847539014,9.991357680131197
178.07122849139654,9.991407975427208
178.17126850740294,9.991476417446723
178.27130852340935,9.991563612393739
178.37134853941575,9.991670173388966
178.47138855542215,9.991796720469827
178.57142857142856,9.99194388059046
178.67146858743496,9.992106821405077
178.77150860344136,9.992276473071744
178.87154861944776,9.992452306749698
178.97158863545417,9.992633936584879
179.07162865146057,9.992820982637078
179.17166866746697,9.99301307087993
179.27170868347338,9.993209833200927
179.37174869947978,9.993410907401401
179.47178871548618,9.993615937196541
179.5718287314926,9.993824572215381
179.671868747499,9.994036468000806
179.7719087635054,9.994251286009547
179.8719487795118,9.994468693612188
179.9719887955182,9.994688364093161
180.0720288115246,9.994909976650748
180.172068827531,9.995133216397077
180.2721088435374,9.995357774358128
180.3721488595438,9.995583347473731
180.47218887555022,9.995809638597562
180.57222889155662,9.996036356497147
180.67226890756302,9.996263215853865
180.77230892356943,9.99648993726294
180.87234893957583,9.996716247233444
180.97238895558223,9.996941878188304
181.07242897158864,9.997166568464293
181.17246898759504,9.997390062312029
181.27250900360144,9.997612109895988
181.37254901960785,9.997832467294486
181.47258903561422,9.998050896499695
181.57262905162062,9.998267165417635
181.67266906762703,9.998481047868172
181.77270908363343,9.998692323585022
181.87274909963983,9.998900778215754
181.97278911564624,9.999106203321782
182.07282913165264,9.99930839637837
182.17286914765904,9.999507160774634
182.27290916366545,9.999702305813535
182.37294917967185,9.999893646711886
182.47298919567825,10.00008100460035
182.57302921168466,10.000264206523434
182.67306922769106,10.000443085439501
182.77310924369746,10.00061748022076
182.87314925970387,10.000787235653267
182.97318927571027,10.000952202436931
183.07322929171667,10.001112237185506
183.17326930772307,10.001267202426602
183.27330932372948,10.00141696660167
183.37334933973588,10.001561404066017
183.47338935574228,10.001700395088795
183.5734293717487,10.001833825853007
183.6734693877551,10.001961588455503
183.7735094037615,10.002083580906985
183.8735494197679,10.002199707132004
183.9735894357743,10.002309876968958
184.0736294517807,10.002414006170095
184.1736694677871,10.002512016401514
184.2737094837935,10.002603835243162
184.3737494997999,10.002689396188833
184.47378951580632,10.002768638646172
184.57382953181272,10.002841507936678
184.67386954781912,10.002907955295688
184.77390956382553,10.002967937872398
184.87394957983193,10.003021418729851
184.97398959583833,10.003068366844937
185.07402961184474,10.003108757108395
185.17406962785114,10.003142570324817
185.27410964385754,10.003169793212638
185.37414965986395,10.00319041840415
185.47418967587035,10.003204444445489
185.57422969187675,10.003211875796637
185.67426970788313,10.003212722831435
185.77430972388953,10.003207001837566
185.87434973989593,10.003194735016562
185.97438975590234,10.003175950483806
186.07442977190874,10.003150682268533
186.17446978791514,10.003118970313821
186.27450980392155,10.003080860476603
186.37454981992795,10.003036404527657
186.47458983593435,10.002985660151614
186.57462985194076,10.00292869094695
186.67466986794716,10.002865566425992
186.77470988395356,10.00279636201492
186.87474989995997,10.002721159053754
186.97478991596637,10.002640044796374
187.07482993197277,10.002553112410501
187.17486994797918,10.002460460977709
187.27490996398558,10.00236219549342
187.37494997999198,10.002258426866907
187.47498999599838,10.00214927192129
187.5750300120048,10.002034853393539
187.6750700280112,10.001915299934472
187.7751100440176,10.001790746108759
187.875150060024,10.001661332394916
187.9751900760304,10.00152720518531
188.0752300920368,10.00138851678616
188.1752701080432,10.001245425417524
188.2753101240496,10.001098095213324
188.375350140056,10.00094669622132
188.47539015606242,10.000791404403122
188.57543017206882,10.000632401634197
188.67547018807522,10.000469875703853
188.77551020408163,10.00030402031525
188.87555022008803,10.0001350350854
188.97559023609443,9.999963125545158
189.07563025210084,9.999788503139232
189.17567026810724,9.999611385226183
189.27571028411364,9.999431995078412
189.37575030012005,9.99925056188218
189.47579031612645,9.999067320737586
189.57583033213285,9.998882512658586
189.67587034813926,9.998696384572982
189.77591036414566,9.998509189322428
189.87595038015206,9.998321185662425
189.97599039615844,9.998132638262321
190.07603041216484,9.997943817705318
190.17607042817124,9.997755000488462
190.27611044417765,9.997566469022654
190.37615046018405,9.997378511632641
190.47619047619045,9.997191422557018
190.57623049219686,9.99700550194823
190.67627050820326,9.996821055872575
190.77631052420966,9.996638396310193
190.87635054021607,9.996457841155078
190.97639055622247,9.996279714215074
191.07643057222887,9.996104345211872
191.17647058823528,9.995932069781011
191.27651060424168,9.995763229471883
191.37655062024808,9.995598171747725
191.47659063625449,9.995437249985628
191.5766306522609,9.995280823476525
191.6766706682673,9.995129257425209
191.7767106842737,9.99498292295031
191.8767507002801,9.994842197084315
191.9767907162865,9.994707462773558
192.0768307322929,9.994579108878224
192.1768707482993,9.994457530172342
192.2769107643057,9.994343127343797
192.37695078031211,9.994236306994319
192.47699079631852,9.994137481639488
192.57703081232492,9.994047069708731
192.67707082833132,9.993965495545332
192.77711084433773,9.993893189406412
192.87715086034413,9.993830587462954
192.97719087635053,9.993778131799779
193.07723089235694,9.993736270415566
193.17727090836334,9.993705457222836
193.27731092436974,9.993686152047964
193.37735094037615,9.993678820631175
193.47739095638255,9.993683934626539
193.57743097238895,9.993701971601975
193.67747098839536,9.993733415039257
193.77751100440176,9.993778754334002
193.87755102040816,9.993838484795681
193.97759103641457,9.99391310764761
194.07763105242097,9.994003130026957
194.17767106842737,9.99410906498474
194.27771108443375,9.994227791665326
194.37775110044015,9.99435191545194
194.47779111644655,9.99448091945161
194.57783113245296,9.994614509294713
194.67787114845936,9.994752395050543
194.77791116446576,9.994894291227299
194.87795118047217,9.995039916772084
194.97799119647857,9.995188995070913
195.07803121248497,9.995341253948707
195.17807122849138,9.995496425669293
195.27811124449778,9.995654246935405
195.37815126050418,9.995814458888688
195.4781912765106,9.99597680710969
195.578231292517,9.99614104161787
195.6782713085234,9.99630691687159
195.7783113245298,9.996474191768126
195.8783513405362,9.996642629643654
195.9783913565426,9.996811998273262
196.078431372549,9.996982069870947
196.1784713885554,9.997152621089608
196.2785114045618,9.997323433021053
196.37855142056821,9.997494291196
196.47859143657462,9.997664985584075
196.57863145258102,9.997835310593805
196.67867146858742,9.99800506507263
196.77871148459383,9.998174052306899
196.87875150060023,9.998342080021862
196.97879151660663,9.99850896038168
197.07883153261304,9.998674509989423
197.17887154861944,9.998838549887063
197.27891156462584,9.999000905555487
197.37895158063225,9.999161406914485
197.47899159663865,9.99931988832275
197.57903161264505,9.999476188577892
197.67907162865146,9.999630150916424
197.77911164465786,9.99978162301376
197.87915166066426,9.999930456984233
197.97919167667067,10.000076509381076
198.07923169267707,10.000219641196429
198.17927170868347,10.000359717861343
198.27931172468988,10.000496609245774
198.37935174069628,10.000630189658587
198.47939175670268,10.000760337847554
198.57943177270906,10.000886936999352
198.67947178871546,10.00100987473957
198.77951180472186,10.0011290431327
198.87955182072827,10.001244338682142
198.97959183673467,10.001355662330205
199.07963185274107,10.001462919458108
199.17967186874748,10.001566019885969
199.27971188475388,10.001664877872823
199.37975190076028,10.001759412116606
199.4797919167667,10.001849545754164
199.5798319327731,10.001935206361248
199.6798719487795,10.00201632595252
199.7799119647859,10.002092840981547
199.8799519807923,10.002164692340804
199.9799919967987,10.002231825361674
200.0800320128051,10.002294189814444
200.1800720288115,10.002351739908315
200.2801120448179,10.002404434291389
200.38015206082432,10.002452236050678
200.48019207683072,10.0024951127121
200.58023209283712,10.002533036240486
200.68027210884352,10.002565983039565
200.78031212484993,10.002593933951982
200.88035214085633,10.002616874259282
200.98039215686273,10.002634793681924
201.08043217286914,10.002647686379273
201.18047218887554,10.002655550949596
201.28051220488194,10.002658390430073
201.38055222088835,10.00265621229679
201.48059223689475,10.002649028464738
201.58063225290115,10.002636855287822
201.68067226890756,10.002619713558845
201.78071228491396,10.002597628509525
201.88075230092036,10.002570629810485
201.98079231692677,10.002538751571253
202.08083233293317,10.002502032340265
202.18087234893957,10.002460515104872
202.28091236494598,10.00241424729132
202.38095238095238,10.00236328076477
202.48099239695878,10.00230767182929
202.5810324129652,10.002247481227855
202.6810724289716,10.002182774142343
202.78111244497796,10.002113620193548
202.88115246098437,10.002040093441162
202.98119247699077,10.001962272383793
203.08123249299717,10.001880239958949
203.18127250900358,10.001794083543048
203.28131252500998,10.001703894951419
203.38135254101638,10.001609770438295
203.4813925570228,10.001511810696813
203.5814325730292,10.001410120859028
203.6814725890356,10.001304810495888
203.781512605042,10.00119599361726
203.8815526210484,10.001083788671915
203.9815926370548,10.000968318547526
204.0816326530612,10.000849710570684
204.1816726690676,10.000728096506878
204.281712685074,10.000603612560509
204.38175270108042,10.000476399374884
204.48179271708682,10.000346602032216
204.58183273309322,10.00021437005363
204.68187274909963,10.000079857399152
204.78191276510603,9.999943222467722
204.88195278111243,9.999804628097182
204.98199279711883,9.999664241564284
205.08203281312524,9.999522234584687
205.18207282913164,9.999378783312958
205.28211284513804,9.999234068342568
205.38215286114445,9.999088274705903
205.48219287715085,9.998941591874246
205.58223289315725,9.998794213757796
205.68227290916366,9.998646338705656
205.78231292517006,9.998498169505837
205.88235294117646,9.998349913385255
205.98239295718287,9.998201782009735
206.08243297318927,9.998053991484014
206.18247298919567,9.997906762351727
206.28251300520208,9.997760319595425
206.38255302120848,9.99761489263656
206.48259303721488,9.9974707153355
206.5826330532213,9.997328025991507
206.6826730692277,9.997187067342763
206.7827130852341,9.99704808656635
206.8827531012405,9.996911335278263
206.9827931172469,9.996777069533398
207.08283313325327,9.996645549825564
207.18287314925968,9.996517041087472
207.28291316526608,9.996391812690748
207.38295318127248,9.996270138445915
207.4829931972789,9.996152296602412
207.5830332132853,9.996038569848585
207.6830732292917,9.99592924531168
207.7831132452981,9.99582461455786
207.8831532613045,9.995724973592187
207.9831932773109,9.995630622858636
208.0832332933173,9.995541867240087
208.1832733093237,9.995459016058327
208.2833133253301,9.995382383074052
208.38335334133652,9.995312286486865
208.48339335734292,9.995249048935275
208.58343337334932,9.9951929974967
208.68347338935573,9.995144463687465
208.78351340536213,9.9951037834628
208.88355342136853,9.99507129721685
208.98359343737494,9.995047349782654
209.08363345338134,9.995032290432173
209.18367346938774,9.995026472876265
209.28371348539414,9.9950302552647
209.38375350140055,9.995044000186155
209.48379351740695,9.995068074668215
209.58383353341335,9.995102850177368
209.68387354941976,9.995148702619014
209.78391356542616,9.995206012337459
209.88395358143256,9.995275164115917
209.98399359743897,9.995356547176508
210.08403361344537,9.995449174057258
210.18407362945177,9.995548184301098
210.28411364545818,9.995652852996795
210.38415366146458,9.995762885283328
210.48419367747098,9.995877990426871
210.5842336934774,9.995997881820783
210.6842737094838,9.99612227698562
210.7843137254902,9.996250897569128
210.8843537414966,9.996383469346249
210.984393757503,9.99651972221911
211.0844337735094,9.996659390217038
211.1844737895158,9.996802211496544
211.28451380552218,9.996947928341337
211.38455382152858,9.997096287162314
211.484593837535,9.997247038497568
211.5846338535414,9.997399937012379
211.6846738695478,9.997554741499224
211.7847138855542,9.997711214877768
211.8847539015606,9.997869124194871
211.984793917567,9.998028240624583
212.0848339335734,9.998188339468147
212.1848739495798,9.998349200153998
212.2849139655862,9.99851060623776
212.38495398159262,9.998672345402253
212.48499399759902,9.99883420945749
212.58503401360542,9.99899599434067
212.68507402961183,9.999157500116189
212.78511404561823,9.999318530975634
212.88515406162463,9.999478895237782
212.98519407763104,9.999638405348604
213.08523409363744,9.999796877881263
213.18527410964384,9.999954133536113
213.28531412565025,10.0001099971407
213.38535414165665,10.000264297649764
213.48539415766305,10.000416868145232
213.58543417366946,10.00056754583623
213.68547418967586,10.00071617205907
213.78551420568226,10.000862592277258
213.88555422168866,10.001006656081493
213.98559423769507,10.001148217189666
214.08563425370147,10.001287133446858
214.18567426970787,10.001423266825343
214.28571428571428,10.001556483424588
214.38575430172068,10.001686653471252
214.48579431772708,10.001813651319182
214.5858343337335,10.001937355449424
214.6858743497399,10.00205764847021
214.7859143657463,10.002174417116965
214.8859543817527,10.002287552252309
214.9859943977591,10.00239694886605
215.0860344137655,10.002502506075192
215.1860744297719,10.002604127123927
215.2861144457783,10.002701719383644
215.3861544617847,10.002795194352919
215.48619447779112,10.00288446765752
215.5862344937975,10.002969459050412
215.6862745098039,10.003050092411746
215.7863145258103,10.00312629574887
215.8863545418167,10.003198001196322
215.9863945578231,10.003265145015831
216.0864345738295,10.00332766759632
216.1864745898359,10.0033855134539
216.2865146058423,10.003438631231878
216.38655462184872,10.003486973700753
216.48659463785512,10.003530497758213
216.58663465386152,10.003569164429141
216.68667466986793,10.00360293886561
216.78671468587433,10.003631790346885
216.88675470188073,10.003655692279425
216.98679471788714,10.003674622196879
217.08683473389354,10.003688561760088
217.18687474989994,10.003697496757086
217.28691476590635,10.003701417103098
217.38695478191275,10.003700316840542
217.48699479791915,10.003694194139028
217.58703481392556,10.003683051295356
217.68707482993196,10.00366689473352
217.78711484593836,10.003645735004708
217.88715486194477,10.003619586787293
217.98719487795117,10.003588468886848
218.08723489395757,10.003552404236132
218.18727490996397,10.0035114198951
218.28731492597038,10.003465547050896
218.38735494197678,10.003414821017858
218.48739495798318,10.003359281237515
218.5874349739896,10.00329897127859
218.687474989996,10.003233938836992
218.7875150060024,10.003164235735829
218.8875550220088,10.003089917925399
218.9875950380152,10.003011045483191
219.0876350540216,10.002927682613883
219.187675070028,10.002839897649354
219.2877150860344,10.002747763048662
219.3877551020408,10.00265135539807
219.48779511804722,10.002550755411024
219.58783513405362,10.002446047928165
219.68787515006002,10.002337321917327
219.78791516606643,10.002224670473534
219.8879551820728,10.002108190819007
219.9879951980792,10.001987984303149
220.0880352140856,10.001864156402563
220.188075230092,10.001736816721044
220.2881152460984,10.001606078989576
220.38815526210482,10.001472061066334
220.48819527811122,10.00133488493669
220.58823529411762,10.001194676713201
220.68827531012403,10.001051566635624
220.78831532613043,10.0009056890709
220.88835534213683,10.000757182513167
220.98839535814324,10.000606189583756
221.08843537414964,10.000452857031185
221.18847539015604,10.000297335731167
221.28851540616245,10.000139780686608
221.38855542216885,9.999980351027604
221.48859543817525,9.999819210011443
221.58863545418166,9.999656525022608
221.68867547018806,9.999492467572768
221.78871548619446,9.999327213300791
221.88875550220087,9.99916094197273
221.98879551820727,9.998993837481837
222.08883553421367,9.998826087848553
222.18887555022008,9.998657885220506
222.28891556622648,9.998489425872522
222.38895558223288,9.99832091020662
222.48899559823928,9.998152542752008
222.5890356142457,9.997984532165084
222.6890756302521,9.997817091229443
222.7891156462585,9.997650436855867
222.8891556622649,9.997484790082336
222.9891956782713,9.997320376074013
223.0892356942777,9.997157424123262
223.1892757102841,9.996996167649634
223.2893157262905,9.996836844199875
223.3893557422969,9.99667969544792
223.48939575830332,9.996524967194896
223.58943577430972,9.996372909369125
223.68947579031612,9.996223776026119
223.78951580632253,9.996077825348582
223.88955582232893,9.99593531964641
223.98959583833533,9.99579652535669
224.08963585434174,9.995661713043704
224.1896758703481,9.995531157398924
224.28971588635451,9.995405137241011
224.38975590236092,9.995283935515825
224.48979591836732,9.995167839296412
224.58983593437372,9.995057139783015
224.68987595038013,9.99495213230306
224.78991596638653,9.994853116311175
224.88995598239293,9.994760395389177
224.98999599839934,9.994674277246071
225.09003601440574,9.994595073718058
225.19007603041214,9.99452310076853
225.29011604641855,9.994458678488071
225.39015606242495,9.994402131094457
225.49019607843135,9.994353786932656
225.59023609443776,9.994313978474826
225.69027611044416,9.99428304232032
225.79031612645056,9.994261319195683
225.89035614245697,9.99424915395465
225.99039615846337,9.994246895578147
226.09043617446977,9.994254897174295
226.19047619047618,9.994273515978408
226.29051620648258,9.994303113352984
226.39055622248898,9.994344054787724
226.49059623849539,9.994396709899513
226.5906362545018,9.994461452432432
226.6906762705082,9.994538660257751
226.7907162865146,9.994628715373933
226.890756302521,9.99473179187267
226.9907963185274,9.99484467306997
227.0908363345338,9.994965847301302
227.1908763505402,9.99509491737188
227.2909163665466,9.995231491392037
227.39095638255301,9.99537518277722
227.49099639855942,9.995525610247997
227.59103641456582,9.995682397830052
227.69107643057222,9.995845174854187
227.79111644657863,9.996013575956319
227.89115646258503,9.996187241077484
227.99119647859143,9.996365815463836
228.09123649459784,9.996548949666648
228.19127651060424,9.996736299542306
228.29131652661064,9.996927526252316
228.39135654261702,9.997122296263301
228.49139655862342,9.997320281347003
228.59143657462982,9.997521158580279
228.69147659063623,9.997724610345102
228.79151660664263,9.99793032432857
228.89155662264903,9.998137993522889
228.99159663865544,9.998347316225388
229.09163665466184,9.998557996038512
229.19167667066824,9.998769741869822
229.29171668667465,9.998982267932
229.39175670268105,9.999195293742842
229.49179671868745,9.999408544125263
229.59183673469386,9.999621749207295
229.69187675070026,9.999834644422085
229.79191676670666,10.000046970507904
229.89195678271307,10.000258473508135
229.99199679871947,10.000468904771276
230.09203681472587,10.000678020950952
230.19207683073228,10.000885584005895
230.29211684673868,10.001091361199958
230.39215686274508,10.001295125102116
230.49219687875149,10.001496653586456
230.5922368947579,10.001695729832184
230.6922769107643,10.001892142323623
230.7923169267707,10.002085684850215
230.8923569427771,10.002276156506518
230.9923969587835,10.002463361692206
231.0924369747899,10.002647110112074
231.1924769907963,10.002827216776032
231.2925170068027,10.003003501999107
231.39255702280911,10.003175791401445
231.49259703881552,10.003343915908308
231.59263705482192,10.003507711750078
231.69267707082832,10.00366702046225
231.79271708683473,10.003821688885441
231.89275710284113,10.003971569165383
231.99279711884753,10.004116518752923
232.09283713485394,10.004256400404033
232.19287715086034,10.004391082179794
232.29291716686674,10.004520437446407
232.39295718287315,10.004644344875194
232.49299719887955,10.004762688442591
232.59303721488595,10.004875357430153
232.69307723089233,10.004982246424548
232.79311724689873,10.005083255317569
232.89315726290513,10.005178289306121
232.99319727891154,10.005267258892227
233.09323729491794,10.00535007988303
233.19327731092434,10.005426673390785
233.29331732693075,10.005496965832872
233.39335734293715,10.005560888931782
233.49339735894355,10.005618379715127
233.59343737494996,10.005669380515634
233.69347739095636,10.005713838971149
233.79351740696276,10.005751708024636
233.89355742296917,10.005782945924174
233.99359743897557,10.005807516222962
234.09363745498197,10.005825387779314
234.19367747098838,10.005836534756662
234.29371748699478,10.00584093662356
234.39375750300118,10.005838578153671
234.4937975190076,10.005829449425782
234.593837535014,10.005813545823795
234.6938775510204,10.005790868036728
234.7939175670268,10.005761422058722
234.8939575830332,10.005725219189026
234.9939975990396,10.005682276032017
235.094037615046,10.00563261449718
235.1940776310524,10.005576261799126
235.2941176470588,10.005513250457575
235.39415766306522,10.005443618297372
235.49419767907162,10.005367408448473
235.59423769507802,10.005284669345954
235.69427771108442,10.005195454730012
235.79431772709083,10.005099823645956
235.89435774309723,10.004997840444215
235.99439775910363,10.004889574780334
236.09443777511004,10.004775101614976
236.19447779111644,10.004654501213924
236.29451780712284,10.004527859148073
236.39455782312925,10.004395266293441
236.49459783913565,10.004256818831161
236.59463785514205,10.004112618247483
236.69467787114846,10.003962771333773
236.79471788715486,10.003807390186518
236.89475790316123,10.00364659220732
236.99479791916764,10.003480500102897
237.09483793517404,10.00330924188509
237.19487795118044,10.003132950870851
237.29491796718685,10.002951765682255
237.39495798319325,10.002765830246489
237.49499799919965,10.002575293795859
237.59503801520606,10.002380310867792
237.69507803121246,10.00218104130483
237.79511804721886,10.00197765025463
237.89515806322527,10.00177030816997
237.99519807923167,10.001559190808743
238.09523809523807,10.001344479233962
238.19527811124448,10.001126359813755
238.29531812725088,10.000905024221368
238.39535814325728,10.000680669435164
238.4953981592637,10.000453497738624
238.5954381752701,10.000223716720349
238.6954781912765,9.99999153927405
238.7955182072829,9.999757183598566
238.8955582232893,9.999520873197845
238.9955982392957,9.999282836880953
239.0956382553021,9.99904330876208
239.1956782713085,9.998802528260523
239.2957182873149,9.998560740100707
239.39575830332132,9.998318194312168
239.49579831932772,9.998075146229562
239.59583833533412,9.99783185649266
239.69587835134053,9.997588591046352
239.79591836734693,9.997345621140646
239.89595838335333,9.997103223330667
239.99599839935973,9.996861679476655
240.09603841536614,9.996621276743973
240.19607843137254,9.996382307603096
240.29611844737894,9.996145069829618
240.39615846338535,9.99590986650425
240.49619847939175,9.995677006012823
240.59623849539815,9.995446802046283
240.69627851140456,9.995219573600693
240.79631852741096,9.994995644977235
240.89635854341736,9.994775345782209
240.99639855942377,9.994559010927027
241.09643857543017,9.994346980628228
241.19647859143655,9.99413960040746
241.29651860744295,9.993937221091489
241.39655862344935,9.993740198812207
241.49659863945575,9.993548895006612
241.59663865546216,9.993363676416825
241.69667867146856,9.993184915090087
241.79671868747496,9.99301298837875
241.89675870348137,9.992848278940288
241.99679871948777,9.992691174737294
242.09683873549417,9.992542069037471
242.19687875150058,9.992401360413647
242.29691876750698,9.992269452743763
242.39695878351338,9.992146755210879
242.4969987995198,9.992033682303171
242.5970388155262,9.991930653813938
242.6970788315326,9.991838094841588
242.797118847539,9.991756435789652
242.8971588635454,9.991686112366775
242.9971988795518,9.991627565586723
243.0972388955582,9.991581241768378
243.1972789115646,9.991547592535738
243.297318927571,9.99152707481792
243.39735894357742,9.991520150849158
243.49739895958382,9.991527288168802
243.59743897559022,9.991548959621323
243.69747899159663,9.991585643356304
243.79751900760303,9.99163782282845
243.89755902360943,9.991705986797582
243.99759903961584,9.991790629328639
244.09763905562224,9.991892249791675
244.19767907162864,9.992011352861866
244.29771908763504,9.992148448519497
244.39775910364145,9.992301269221198
244.49779911964785,9.992453813437326
244.59783913565425,9.992603476517395
244.69787915166066,9.992750298738532
244.79791916766706,9.992894320260948
244.89795918367346,9.993035581127943
244.99799919967987,9.993174121265913
245.09803921568627,9.993309980484334
245.19807923169267,9.993443198475783
245.29811924769908,9.993573814815914
245.39815926370548,9.993701868963482
245.49819927971186,9.993827400260324
245.59823929571826,9.99395044793137
245.69827931172466,9.994071051084637
245.79831932773106,9.994189248711235
245.89835934373747,9.99430507968536
245.99839935974387,9.9944185827643
246.09843937575027,9.994529796588433
246.19847939175668,9.994638759681223
246.29851940776308,9.994745510449226
246.39855942376948,9.994850087182089
246.4985994397759,9.994952528052544
246.5986394557823,9.995052871116417
246.6986794717887,9.995151154312623
246.7987194877951,9.995247415463163
246.8987595038015,9.995341692273133
246.9987995198079,9.995434022330713
247.0988395358143,9.995524443107174
247.1988795518207,9.99561299195688
247.2989195678271,9.995699706117282
247.39895958383352,9.99578462270892
247.49899959983992,9.995867778735425
247.59903961584632,9.995949211083515
247.69907963185273,9.996028956522998
247.79911964785913,9.996107051706778
247.89915966386553,9.996183533170838
247.99919967987194,9.996258437334259
248.09923969587834,9.996331800499206
248.19927971188474,9.996403658850939
248.29931972789115,9.9964740484578
248.39935974389755,9.99654300527123
248.49939975990395,9.996610565125751
248.59943977591035,9.99667676373898
248.69947979191676,9.99674163671162
248.79951980792316,9.996805219527467
248.89955982392956,9.996867547553402
248.99959983993597,9.9969286560394
249.09963985594237,9.996988580118524
249.19967987194877,9.997047354806924
249.29971988795518,9.997105015003845
249.39975990396158,9.997161595491615
249.49979991996798,9.997217130935658
249.5998399359744,9.997271655884482
249.6998799519808,9.99732520476969
249.79991996798717,9.997377811905967
249.89995998399357,9.997429511491095
250.0,9.997480337605943
